<?xml version="1.0" encoding="utf-8"?>
<extension
	type="module"
	version="1.6.0"
	client="site"
	method="upgrade">
	<name>mod_myepfc</name>
	<author>Epfc Bertrand</author>
	<creationDate>May 2011</creationDate>
	<copyright>Copyright (C) 2005 - 2011 All rights reserved.</copyright>
	<license></license>
	<authorEmail>dev@epfc.eu</authorEmail>
	<authorUrl>www.epfc.eu</authorUrl>
	<version>1.6.0</version>
	<description></description>
	<files>
		<filename module="mod_myepfc">mod_myepfc.php</filename>
		<folder>tmpl</folder>
		<filename>index.html</filename>
		<filename>mod_myepfc.xml</filename>
	</files>
	<languages>
	</languages>
	<help key="" />
	<config>
	</config>
</extension>
